City_ID,City,Country,Lat,Lng,Max Temp,Humidity,Cloudiness,Wind Speed,Current Description
0,Codrington,AU,-38.2667,141.9667,61.5,49,100,6.6,light rain
1,Yar-Sale,RU,66.8333,70.8333,33.94,99,100,14.65,overcast clouds
2,Chokurdakh,RU,70.6333,147.9167,6.39,93,100,7.4,overcast clouds
3,Puerto Ayora,EC,-0.7393,-90.3518,80.56,81,96,9.17,light rain
4,Lorengau,PG,-2.0226,147.2712,82.71,78,41,7.58,scattered clouds
5,Bluff,NZ,-46.6,168.3333,55.8,75,11,11.32,few clouds
6,Saldanha,ZA,-33.0117,17.9442,60.49,68,5,19.8,clear sky
7,Shubarshi,KZ,48.5872,57.1869,49.15,69,65,14.0,broken clouds
8,Busselton,AU,-33.65,115.3333,56.82,86,0,7.96,clear sky
9,Ushuaia,AR,-54.8,-68.3,47.86,57,20,18.41,few clouds
10,Port Hardy,CA,50.6996,-127.4199,50.18,50,75,3.44,broken clouds
11,Arraial Do Cabo,BR,-22.9661,-42.0278,76.86,88,0,12.66,clear sky
12,Bathsheba,BB,13.2167,-59.5167,77.61,94,75,17.27,broken clouds
13,Banda Aceh,ID,5.5577,95.3222,80.19,80,91,1.79,overcast clouds
14,Punta Arenas,CL,-53.15,-70.9167,50.11,66,75,9.22,broken clouds
15,Jamestown,US,42.097,-79.2353,55.53,18,0,13.8,clear sky
16,Hermanus,ZA,-34.4187,19.2345,59.88,71,56,8.3,broken clouds
17,Hithadhoo,MV,-0.6,73.0833,83.19,72,97,7.54,overcast clouds
18,Port Lincoln,AU,-34.7333,135.8667,65.14,87,9,6.38,clear sky
19,Nyzhnya Duvanka,UA,49.5846,38.1743,45.64,90,95,7.61,overcast clouds
20,Ahipara,NZ,-35.1667,173.1667,64.87,58,33,3.71,scattered clouds
21,Atuona,PF,-9.8,-139.0333,78.17,79,54,13.85,light rain
22,Tuatapere,NZ,-46.1333,167.6833,55.62,68,1,4.38,clear sky
23,Carnarvon,AU,-24.8667,113.6333,66.27,72,0,5.75,clear sky
24,Qaanaaq,GL,77.484,-69.3632,-2.74,90,98,3.98,overcast clouds
25,Rikitea,PF,-23.1203,-134.9692,77.83,69,27,17.36,light rain
26,Waipawa,NZ,-41.4122,175.5153,53.33,56,27,2.66,scattered clouds
27,San Cristobal,VE,7.7669,-72.225,77.18,53,100,4.14,overcast clouds
28,Victoria,HK,22.2855,114.1577,76.17,72,15,18.01,few clouds
29,East London,ZA,-33.0153,27.9116,68.88,80,100,9.22,overcast clouds
30,Albany,US,42.6001,-73.9662,58.57,77,100,7.0,overcast clouds
31,Norsup,VU,-16.0667,167.3833,84.04,72,16,9.6,few clouds
32,Nikolskoye,RU,59.7035,30.7861,38.88,99,100,2.57,overcast clouds
33,Yamethin,MM,20.4333,96.15,78.17,59,40,7.87,scattered clouds
34,Bihac,BA,44.8169,15.8708,55.45,91,23,4.47,few clouds
35,Chuy,UY,-33.6971,-53.4616,55.98,64,1,10.74,clear sky
36,Talnakh,RU,69.4865,88.3972,23.31,88,100,11.5,overcast clouds
37,Mataura,NZ,-46.1927,168.8643,55.47,74,5,2.26,clear sky
38,Maniitsoq,GL,65.4167,-52.9,19.4,69,57,16.17,broken clouds
39,Pudozh,RU,61.8099,36.5345,33.24,100,100,2.08,light snow
40,Souillac,MU,-20.5167,57.5167,76.26,81,30,17.52,scattered clouds
41,Minuri,PH,16.535,121.8574,72.37,97,87,1.79,overcast clouds
42,Kapaa,US,22.0752,-159.319,82.38,76,40,14.97,scattered clouds
43,Palana,RU,59.1167,159.9667,22.46,95,100,10.45,snow
44,Cape Town,ZA,-33.9258,18.4232,59.88,75,75,13.8,broken clouds
45,Korla,CN,41.7597,86.1469,56.05,23,63,8.61,broken clouds
46,Acapulco,MX,16.8634,-99.8901,84.02,70,75,12.66,haze
47,Barrow,US,71.2906,-156.7887,1.42,78,0,18.41,clear sky
48,Ponta Do Sol,PT,32.6667,-17.1,65.71,82,38,3.51,scattered clouds
49,Port Elizabeth,ZA,-33.918,25.5701,64.09,95,75,16.11,broken clouds
50,Lengshuitan,CN,26.4111,111.5956,57.06,91,100,8.37,overcast clouds
51,New Norfolk,AU,-42.7826,147.0587,62.92,58,100,3.0,overcast clouds
52,Jackson,US,42.4165,-122.8345,53.8,43,75,9.22,broken clouds
53,Saint-Philippe,RE,-21.3585,55.7679,78.39,88,60,15.59,light rain
54,Hay River,CA,60.8156,-115.7999,30.18,34,20,6.91,few clouds
55,Sitka,US,57.0531,-135.33,46.29,29,0,9.22,clear sky
56,Bredasdorp,ZA,-34.5322,20.0403,56.71,72,55,6.93,broken clouds
57,Hilo,US,19.7297,-155.09,82.27,77,75,6.91,light rain
58,Iqaluit,CA,63.7506,-68.5145,-0.31,70,0,19.57,clear sky
59,Nanortalik,GL,60.1432,-45.2371,32.94,92,36,3.67,scattered clouds
60,Laguna,US,38.421,-121.4238,59.29,89,100,12.66,light rain
61,Srednekolymsk,RU,67.45,153.6833,11.5,92,100,7.18,light snow
62,Cherskiy,RU,68.75,161.3,17.51,90,100,1.79,light snow
63,Klaksvik,FO,62.2266,-6.589,45.52,91,100,30.33,light rain
64,Guaranesia,BR,-21.2992,-46.8025,66.02,97,67,4.09,broken clouds
65,Lodja,CD,-3.4833,23.4333,69.44,100,100,1.61,overcast clouds
66,Ferrol,ES,43.4832,-8.2369,55.67,82,0,3.4,clear sky
67,Arroyo,ES,41.6096,-4.7969,55.6,78,0,9.22,clear sky
68,Roma,US,43.2128,-75.4557,53.82,89,100,11.5,overcast clouds
69,Saint George,US,37.1041,-113.5841,72.43,9,0,1.99,clear sky
70,Khatanga,RU,71.9667,102.5,-22.45,100,40,2.86,scattered clouds
71,Binghamton,US,42.0987,-75.918,54.86,81,100,9.22,overcast clouds
72,Thompson,CA,55.7435,-97.8558,15.96,48,75,23.02,broken clouds
73,Karasjok,NO,69.4719,25.5112,21.61,87,69,4.99,broken clouds
74,Georgetown,MY,5.4112,100.3354,78.73,99,20,4.61,thunderstorm with light rain
75,Salalah,OM,17.0151,54.0924,78.89,89,20,2.3,few clouds
76,Kodiak,US,57.79,-152.4072,45.91,53,40,17.27,scattered clouds
77,Grindavik,IS,63.8424,-22.4338,48.15,100,100,31.07,moderate rain
78,Caicedo,CO,6.4051,-75.9826,75.87,80,100,1.03,overcast clouds
79,Lasa,IT,46.6166,10.7002,56.28,83,24,2.39,few clouds
80,U Thong,TH,14.3751,99.8923,78.35,70,34,5.73,scattered clouds
81,Chipiona,ES,36.7366,-6.437,62.31,94,0,0.0,clear sky
82,Hobart,AU,-42.8794,147.3294,63.27,64,75,20.71,light rain
83,Porto Torres,IT,40.835,8.3972,60.98,55,100,9.17,overcast clouds
84,Yoichi,JP,43.2039,140.7703,40.62,73,100,1.03,overcast clouds
85,Caravelas,BR,-17.7125,-39.2481,80.11,83,6,9.4,clear sky
86,Chimbote,PE,-9.0853,-78.5783,69.19,78,71,11.01,broken clouds
87,Ranot,TH,7.7777,100.3213,80.11,82,79,6.53,broken clouds
88,Geraldton,AU,-28.7667,114.6,64.81,72,0,10.36,clear sky
89,Tiksi,RU,71.6872,128.8694,-1.32,99,100,8.55,overcast clouds
90,Oranjestad,AW,12.524,-70.027,82.35,69,20,27.63,few clouds
91,Mahebourg,MU,-20.4081,57.7,78.26,78,72,18.54,broken clouds
92,Kahului,US,20.8947,-156.47,84.22,48,20,24.16,few clouds
93,Esperance,AU,-33.8667,121.9,61.74,64,99,4.56,overcast clouds
94,Amuntai,ID,-2.4177,115.2494,72.95,96,74,1.43,broken clouds
95,Butaritari,KI,3.0707,172.7902,81.25,75,81,12.8,broken clouds
96,Dikson,RU,73.5069,80.5464,15.76,93,100,6.42,overcast clouds
97,Yellowknife,CA,62.456,-114.3525,24.3,56,75,9.22,broken clouds
98,Clyde River,CA,70.4692,-68.5914,3.43,78,75,3.44,broken clouds
99,Bethel,US,41.3712,-73.414,69.91,79,100,4.61,light rain
100,Maragogi,BR,-9.0122,-35.2225,79.99,76,11,11.9,few clouds
101,Phalombe,MW,-15.8064,35.6507,67.82,93,63,1.97,broken clouds
102,Margate,GB,51.3813,1.3862,54.7,79,100,1.01,overcast clouds
103,Carballo,ES,43.213,-8.691,54.86,87,1,1.74,clear sky
104,Musoma,TZ,-1.5,33.8,72.12,75,100,5.61,overcast clouds
105,Castro,BR,-24.7911,-50.0119,58.32,95,18,5.99,few clouds
106,Sukumo,JP,32.9333,132.7333,63.75,97,100,3.44,overcast clouds
107,Aleksandrov Gay,RU,50.147,48.5704,43.54,86,98,23.02,light rain
108,Longyearbyen,SJ,78.2186,15.6401,21.04,73,75,4.61,broken clouds
109,Zalantun,CN,48.0,122.7167,40.95,30,95,12.55,overcast clouds
110,Kytmanovo,RU,53.4593,85.4479,34.75,63,0,6.89,clear sky
111,Houma,US,29.5958,-90.7195,78.03,75,75,11.5,broken clouds
112,Figeac,FR,44.75,1.9167,57.58,90,25,2.57,scattered clouds
113,Sechura,PE,-5.5569,-80.8222,76.42,60,27,18.99,scattered clouds
114,Oum Hadjer,TD,13.2954,19.6966,88.63,11,3,9.66,clear sky
115,Zhigansk,RU,66.7697,123.3711,24.44,85,100,7.76,overcast clouds
116,Port Alfred,ZA,-33.5906,26.891,64.18,93,99,5.99,overcast clouds
117,Calama,CL,-22.4667,-68.9333,66.69,13,0,20.71,clear sky
118,Muros,ES,42.7762,-9.0603,53.83,87,11,6.58,few clouds
119,Constitucion,CL,-35.3333,-72.4167,56.75,78,1,5.17,clear sky
120,Yunyang,CN,33.4474,112.7142,54.41,39,100,14.63,overcast clouds
121,Luanda,AO,-8.8368,13.2343,77.68,89,100,6.11,overcast clouds
122,Praia,CV,14.9215,-23.5087,70.34,73,20,12.66,few clouds
123,Homer,US,59.6425,-151.5483,47.05,58,0,5.75,clear sky
124,Betera,ES,39.5833,-0.45,60.12,63,0,4.61,clear sky
125,Erenhot,CN,43.6475,111.9767,33.76,28,0,3.65,clear sky
126,Fortuna,US,40.5982,-124.1573,55.85,69,100,9.22,overcast clouds
127,Alice Springs,AU,-23.7,133.8833,69.22,32,40,0.0,scattered clouds
128,Glendive,US,47.1053,-104.7125,26.69,84,75,25.32,broken clouds
129,Tuktoyaktuk,CA,69.4541,-133.0374,-2.2,78,20,9.22,few clouds
130,Mahon,ES,39.8885,4.2658,57.76,82,0,12.66,clear sky
131,Togur,RU,58.3631,82.8265,31.12,94,30,7.27,scattered clouds
132,Samfya,ZM,-11.3649,29.5565,66.27,93,100,7.05,light rain
133,Poum,NC,-20.2333,164.0167,77.2,82,91,2.06,overcast clouds
134,Cooma,AU,-36.2333,149.1333,49.77,100,24,5.75,few clouds
135,Alghero,IT,40.5589,8.3181,60.89,44,0,6.91,light rain
136,Guerrero Negro,MX,27.9769,-114.0611,69.51,49,60,17.02,broken clouds
137,Alofi,NU,-19.0595,-169.9187,85.89,70,40,9.22,scattered clouds
138,Cidreira,BR,-30.1811,-50.2056,62.53,61,15,12.08,few clouds
139,Taft,IR,31.7471,54.2088,71.55,22,0,13.8,clear sky
140,Taltal,CL,-25.4,-70.4833,61.65,79,42,1.16,scattered clouds
141,Ambilobe,MG,-13.2,49.05,74.19,89,38,3.09,scattered clouds
142,Tezu,IN,27.9167,96.1667,69.21,94,100,4.97,overcast clouds
143,Abu Dhabi,AE,24.4667,54.3667,82.51,68,0,5.75,clear sky
144,Havre-Saint-Pierre,CA,50.2334,-63.5986,41.36,65,0,6.91,clear sky
145,Bilibino,RU,68.0546,166.4372,22.33,86,83,4.07,broken clouds
146,Teguldet,RU,57.3064,88.1667,25.81,97,63,2.48,broken clouds
147,Lagoa,PT,39.05,-27.9833,60.71,73,3,19.86,clear sky
148,Saint-Pierre,RE,-21.3393,55.4781,78.48,79,100,23.02,overcast clouds
149,Sao Filipe,CV,14.8961,-24.4956,71.53,75,1,9.31,clear sky
150,Mayo,US,38.8876,-76.5119,70.21,59,0,12.66,clear sky
151,Parana,AR,-31.732,-60.5238,64.54,82,0,4.74,clear sky
152,Naryan-Mar,RU,67.6713,53.087,26.89,92,100,19.1,overcast clouds
153,Meulaboh,ID,4.1363,96.1285,76.69,89,98,3.38,overcast clouds
154,Rovaniemi,FI,66.5,25.7167,31.41,80,0,9.22,clear sky
155,Barcelos,PT,41.5388,-8.6151,57.92,88,3,4.63,clear sky
156,Marawi,PH,7.9986,124.2928,67.77,92,92,3.15,overcast clouds
157,Vysokogornyy,RU,50.1167,139.15,22.75,92,95,3.76,overcast clouds
158,Quatre Cocos,MU,-20.2078,57.7625,78.1,79,63,18.34,light rain
159,Fort-Shevchenko,KZ,44.5086,50.263,50.0,61,5,7.87,clear sky
160,Itoman,JP,26.1247,127.6694,74.17,90,75,6.91,broken clouds
161,Aquiraz,BR,-3.9014,-38.3911,82.49,81,63,6.91,broken clouds
162,Half Moon Bay,US,37.4636,-122.4286,63.03,82,100,17.27,mist
163,Tilichiki,RU,60.4667,166.1,20.48,90,99,5.39,overcast clouds
164,Armidale,AU,-30.5167,151.65,52.03,84,21,9.33,few clouds
165,Vaini,TO,-21.2,-175.2,84.36,84,40,9.22,scattered clouds
166,Drumheller,CA,51.4617,-112.7101,30.06,59,100,13.8,overcast clouds
167,Byron Bay,AU,-28.65,153.6167,65.71,80,52,11.77,broken clouds
168,Sayyan,YE,15.1718,44.3244,58.86,39,11,2.42,few clouds
169,Hambantota,LK,6.1241,81.1185,79.68,85,99,7.31,overcast clouds
170,Lasem,ID,-6.6922,111.4527,75.97,86,71,4.12,light rain
171,Severo-Kurilsk,RU,50.6789,156.125,30.02,75,85,22.1,overcast clouds
172,Saint-Augustin,CA,51.226,-58.6502,31.84,97,95,4.83,overcast clouds
173,Airai,TL,-8.9266,125.4092,61.63,85,94,2.17,overcast clouds
174,Ponta Delgada,PT,37.7333,-25.6667,63.32,88,75,10.36,broken clouds
175,Gigmoto,PH,13.7796,124.39,77.02,84,21,3.78,few clouds
176,Tazovskiy,RU,67.4667,78.7,33.12,99,100,12.64,light snow
177,Ilulissat,GL,69.2167,-51.1,12.22,62,20,11.5,few clouds
178,Saint-Leu,RE,-21.15,55.2833,77.86,82,24,5.03,light rain
179,Fare,PF,-16.7,-151.0167,81.9,72,17,18.66,few clouds
180,Benxi,CN,41.2886,123.765,39.52,39,3,3.83,clear sky
181,Dingle,PH,10.9995,122.6711,75.16,89,96,1.01,overcast clouds
182,Papara,BR,-3.9839,-38.7273,81.0,95,63,3.42,broken clouds
183,Bermeo,ES,43.4209,-2.7215,57.7,90,1,1.19,clear sky
184,Impfondo,CG,1.6381,18.0667,68.13,99,100,1.86,overcast clouds
185,Mar Del Plata,AR,-38.0023,-57.5575,59.88,73,0,5.99,clear sky
186,Morant Bay,JM,17.8815,-76.4093,83.71,71,0,12.88,clear sky
187,Thinadhoo,MV,0.5333,72.9333,83.14,68,100,6.13,overcast clouds
188,Namatanai,PG,-3.6667,152.4333,82.4,74,81,6.64,broken clouds
189,Shasta Lake,US,40.6804,-122.3708,52.52,91,100,4.97,light rain
190,Ballina,AU,-28.8667,153.5667,66.38,99,60,12.75,broken clouds
191,Lebu,CL,-37.6167,-73.65,55.08,78,1,6.91,clear sky
192,Vila,PT,42.0304,-8.1588,46.71,87,1,2.93,clear sky
193,Ibateguara,BR,-8.9725,-35.9394,72.66,87,30,6.96,scattered clouds
194,Matara,LK,5.9485,80.5353,78.58,88,88,3.83,overcast clouds
195,Itaituba,BR,-4.2761,-55.9836,77.67,93,100,1.41,overcast clouds
196,Ribeira Grande,PT,38.5167,-28.7,61.2,88,75,18.41,broken clouds
197,Luganville,VU,-15.5333,167.1667,84.81,69,20,6.8,few clouds
198,Arman,RU,59.7,150.1667,22.55,68,100,4.43,overcast clouds
199,Dolores,AR,-36.3132,-57.6792,55.53,54,0,5.12,clear sky
200,Athens,GR,37.9795,23.7162,59.16,54,0,1.99,clear sky
201,Sola,VU,-13.8833,167.55,83.19,72,26,10.63,scattered clouds
202,Coro,VE,11.4045,-69.6734,81.05,74,20,23.17,few clouds
203,Nachingwea,TZ,-10.3833,38.7667,69.57,99,100,1.9,overcast clouds
204,Thanh Hoa,VN,19.8,105.7667,75.31,94,96,3.44,overcast clouds
205,Broken Hill,AU,-31.95,141.4333,66.88,46,100,9.08,light rain
206,Punta Alta,AR,-38.8759,-62.0736,62.42,55,0,5.06,clear sky
207,Katherine,AU,-14.4667,132.2667,79.12,83,100,1.14,overcast clouds
208,Baruun-Urt,MN,46.6806,113.2792,30.78,34,5,8.55,clear sky
209,Sorland,NO,67.667,12.6934,38.97,62,54,2.71,broken clouds
210,Sao Joao Da Barra,BR,-21.6403,-41.0511,76.08,87,80,12.01,broken clouds
211,Bintulu,MY,3.1667,113.0333,75.61,100,20,3.44,few clouds
212,Kalmunai,LK,7.4167,81.8167,78.64,87,99,6.8,overcast clouds
213,Lompoc,US,34.6391,-120.4579,74.57,65,0,23.0,clear sky
214,Katobu,ID,-4.9408,122.5276,74.82,89,82,1.9,broken clouds
215,Maryville,US,35.7565,-83.9705,69.3,40,40,3.44,scattered clouds
216,Balkhash,KZ,46.844,74.9804,49.19,49,0,14.0,clear sky
217,Esso,RU,55.9333,158.7,19.36,83,100,4.05,overcast clouds
218,Veraval,IN,20.9,70.3667,79.65,74,0,11.95,clear sky
219,Xichang,CN,27.8964,102.2634,59.97,92,96,2.68,overcast clouds
220,Tonantins,BR,-2.8731,-67.8022,73.96,99,100,1.7,overcast clouds
221,Bronnoysund,NO,65.4625,12.1997,35.6,75,21,3.44,few clouds
222,Malaryta,BY,51.7905,24.074,49.19,67,98,7.67,overcast clouds
223,Hella,NO,67.2,14.4333,33.89,83,37,4.61,scattered clouds
224,Palampur,IN,32.1167,76.5333,62.04,34,80,9.53,broken clouds
225,Novo Aripuana,BR,-5.1206,-60.3797,76.32,96,94,1.52,overcast clouds
226,Kavieng,PG,-2.5744,150.7967,83.14,76,67,11.74,light rain
227,Virarajendrapet,IN,12.2,75.8,66.7,90,100,0.89,overcast clouds
228,Batagay-Alyta,RU,67.8006,130.4114,6.35,94,99,4.18,overcast clouds
229,Sungairaya,ID,0.7,108.9,77.72,87,99,1.72,overcast clouds
230,Hualmay,PE,-11.0964,-77.6139,70.29,76,37,14.27,scattered clouds
231,Kamina,CD,-8.7386,24.9906,65.12,95,100,1.88,overcast clouds
232,Tasiilaq,GL,65.6145,-37.6368,30.36,98,100,4.43,snow
233,Aguimes,ES,27.9054,-15.4461,62.65,68,40,27.63,scattered clouds
234,Tiarei,PF,-17.5333,-149.3333,87.82,74,38,18.92,light rain
235,Bambous Virieux,MU,-20.3428,57.7575,78.22,78,79,18.25,light rain
236,Gravelbourg,CA,49.8834,-106.5512,19.67,87,100,17.54,light snow
237,Mehamn,NO,71.0357,27.8492,33.08,69,97,18.34,overcast clouds
238,Gongzhuling,CN,43.5008,124.8198,40.15,35,1,2.55,clear sky
239,Norman Wells,CA,65.282,-126.8329,17.64,45,20,14.97,few clouds
240,Hovd,MN,48.0056,91.6419,26.94,37,100,1.52,light snow
241,Pacific Grove,US,36.6177,-121.9166,63.41,70,100,10.36,overcast clouds
242,Voh,NC,-20.9667,164.7,78.26,84,76,2.08,broken clouds
243,Bereda,ES,43.2686,-7.5406,50.14,100,6,1.97,clear sky
244,Belaya Gora,RU,68.5333,146.4167,2.7,84,99,2.8,overcast clouds
245,Miles City,US,46.4083,-105.8406,25.77,63,100,19.57,overcast clouds
246,Avarua,CK,-21.2078,-159.775,82.45,74,88,4.61,overcast clouds
247,Mayor Pablo Lagerenza,PY,-19.9309,-60.7718,74.53,41,2,8.23,clear sky
248,Haines Junction,CA,60.7522,-137.5108,39.15,22,12,4.61,few clouds
249,Lahan,NP,26.7296,86.4951,79.02,38,1,11.83,clear sky
250,Makakilo City,US,21.3469,-158.0858,80.92,51,20,21.85,few clouds
251,Lavrentiya,RU,65.5833,-171.0,32.61,99,100,9.55,light snow
252,Beitbridge,ZW,-22.2167,30.0,75.97,57,99,4.5,overcast clouds
253,Malakal,SS,9.5334,31.6605,87.44,42,99,2.84,overcast clouds
254,Plettenberg Bay,ZA,-34.0527,23.3716,59.68,86,100,10.2,light rain
255,Peniche,PT,39.3558,-9.3811,58.28,87,0,14.56,clear sky
256,Dekar,BW,-21.5333,21.9333,73.72,40,72,7.07,broken clouds
257,Cacoal,BR,-11.4386,-61.4472,75.54,95,100,5.17,heavy intensity rain
258,Yuli,NG,9.6989,10.2744,86.61,51,78,10.13,broken clouds
259,Tashigang,BT,27.3331,91.5542,60.76,90,11,3.04,few clouds
260,Zavetnoye,RU,47.1194,43.8903,44.28,82,99,16.35,overcast clouds
261,Santa Rosa,PH,14.3122,121.1114,80.58,82,43,0.85,scattered clouds
262,Narsaq,GL,60.9167,-46.05,39.42,93,56,3.8,broken clouds
263,Raudeberg,NO,61.9875,5.1352,41.67,78,0,6.38,clear sky
264,Lugo,ES,43.0,-7.5,49.48,100,4,2.46,clear sky
265,Sokolskoye,RU,57.1412,43.1589,31.84,93,15,9.24,few clouds
266,Yerbogachen,RU,61.2767,108.0108,23.47,87,19,10.85,few clouds
267,Vyazniki,RU,56.25,42.1667,34.16,89,10,7.94,clear sky
268,Bowen,AU,-20.0167,148.2333,75.67,69,40,12.5,scattered clouds
269,Vavatenina,MG,-17.4667,49.2,71.44,97,13,3.18,few clouds
270,Vanimo,PG,-2.6741,141.3028,79.18,89,79,5.03,broken clouds
271,Umm Lajj,SA,25.0213,37.2685,73.06,60,0,9.33,clear sky
272,Sungaipenuh,ID,-2.0833,101.3833,64.31,97,100,0.96,overcast clouds
273,Sucua,EC,-2.4667,-78.1667,77.74,73,75,6.91,light rain
274,Tautira,PF,-17.7333,-149.15,81.46,73,62,18.43,broken clouds
275,Kualakapuas,ID,-3.0091,114.3876,73.58,96,73,0.92,broken clouds
276,Nizwa,OM,22.9333,57.5333,80.73,28,3,0.67,clear sky
277,Caibarien,CU,22.5206,-79.4669,85.32,75,12,16.8,few clouds
278,Mazatepec,MX,18.7167,-99.35,100.74,16,75,5.75,broken clouds
279,Hasaki,JP,35.7333,140.8333,52.2,90,100,19.91,moderate rain
280,Touros,BR,-5.1989,-35.4608,80.15,76,100,9.62,overcast clouds
281,Katsuura,JP,35.1333,140.3,51.82,94,100,17.69,moderate rain
282,Jalu,LY,29.0331,21.5482,72.82,18,53,20.92,broken clouds
283,Yulara,AU,-25.2406,130.9889,69.64,40,35,8.05,scattered clouds
284,Kaitangata,NZ,-46.2817,169.8464,55.2,70,12,4.68,few clouds
285,Ozernovskiy,RU,51.5,156.5167,30.0,68,100,22.53,light snow
286,Huangchuan,CN,32.1272,115.0394,53.19,72,100,13.06,overcast clouds
287,Upernavik,GL,72.7868,-56.1549,-9.94,97,41,8.93,scattered clouds
288,Sao Jose Da Coroa Grande,BR,-8.8978,-35.1478,80.13,76,9,11.77,clear sky
289,Samarai,PG,-10.6167,150.6667,83.41,74,97,12.33,overcast clouds
290,Talaya,RU,61.3833,152.75,12.33,89,100,6.22,overcast clouds
291,Amurrio,ES,43.05,-3.0,55.47,83,3,0.94,clear sky
292,Padang,ID,-0.9492,100.3543,77.7,87,99,2.39,overcast clouds
293,Port-Gentil,GA,-0.7193,8.7815,81.27,80,46,4.03,scattered clouds
294,Amapa,BR,1.0,-52.0,73.83,98,99,3.74,very heavy rain
295,Jhabua,IN,22.7667,74.6,80.1,27,0,5.97,clear sky
296,Myitkyina,MM,25.3833,97.4,67.68,88,96,3.36,overcast clouds
297,Minna,NG,9.6139,6.5569,82.11,74,0,3.44,light rain
298,Los Llanos De Aridane,ES,28.6585,-17.9182,62.35,85,20,16.11,few clouds
299,Lumphat,KH,13.4878,106.9816,75.18,94,84,3.47,broken clouds
300,Maine-Soroa,NE,13.2114,12.0241,90.05,12,93,7.38,overcast clouds
301,Chapleau,CA,47.8405,-83.4034,35.69,51,75,18.41,broken clouds
302,Mizdah,LY,31.4451,12.9801,63.27,49,100,12.75,overcast clouds
303,Husavik,IS,66.0449,-17.3389,40.05,87,100,10.13,overcast clouds
304,Verkhnyaya Inta,RU,65.9811,60.3094,25.99,86,100,21.9,overcast clouds
305,Bandarbeyla,SO,9.4942,50.8122,80.33,83,12,5.53,few clouds
306,Rexburg,US,43.826,-111.7897,44.82,51,100,14.97,overcast clouds
307,Gravdal,NO,68.1214,13.5031,37.74,65,61,2.37,broken clouds
308,Rock Hill,US,34.9249,-81.0251,78.69,47,75,10.36,broken clouds
309,Kloulklubed,PW,7.0419,134.2556,79.3,76,100,10.42,overcast clouds
310,Varhaug,NO,58.6147,5.6457,43.68,89,10,3.11,clear sky
311,Haveri,IN,14.8,75.4,76.68,82,99,8.99,light rain
312,Sur,OM,22.5667,59.5289,85.55,41,27,11.65,scattered clouds
313,Cockburn Town,TC,21.4612,-71.1419,77.54,82,20,23.15,few clouds
314,Severo-Yeniseyskiy,RU,60.3725,93.0408,26.33,98,100,3.91,overcast clouds
315,Ust-Kuyga,RU,70.0167,135.6,3.04,94,74,0.81,broken clouds
316,Buala,SB,-8.145,159.5921,82.96,74,91,6.76,light rain
317,Ngaoundere,CM,7.3167,13.5833,65.05,91,100,3.11,light rain
318,Hamilton,US,39.1834,-84.5333,62.74,27,0,21.85,clear sky
319,Okha,RU,53.5739,142.9478,25.25,78,42,6.93,scattered clouds
320,Provideniya,RU,64.3833,-173.3,33.91,86,100,13.42,light snow
321,San Patricio,US,28.017,-97.5169,84.92,54,97,18.86,overcast clouds
322,Egvekinot,RU,66.3167,-179.1667,24.06,91,100,8.32,light snow
323,Mattru,SL,7.6244,-11.8332,77.83,83,99,3.15,overcast clouds
324,Lata,PT,40.1629,-8.3327,50.2,94,0,1.79,clear sky
325,Ayacucho,PE,-13.1583,-74.2239,75.06,29,20,2.3,few clouds
326,Lianzhou,CN,24.7811,112.3825,64.49,91,96,1.81,overcast clouds
327,Sulangan,PH,11.1373,123.7228,81.34,75,65,4.85,broken clouds
328,San Juan,AR,-31.5375,-68.5364,74.95,31,0,6.08,clear sky
329,Oksfjord,NO,70.2396,22.3479,30.27,97,94,6.78,light snow
330,Kruisfontein,ZA,-34.0033,24.7314,61.88,87,100,12.97,light rain
331,Okhotsk,RU,59.3833,143.3,13.35,71,11,14.27,few clouds
332,Yanam,IN,16.7333,82.2167,76.53,97,25,3.44,scattered clouds
333,Ancud,CL,-41.8697,-73.8203,54.43,85,0,2.77,clear sky
334,Fairbanks,US,64.8378,-147.7164,46.36,45,0,6.91,clear sky
335,Manakara,MG,-22.1333,48.0167,73.38,92,22,4.38,light rain
336,Tokonou,GN,9.65,-9.7833,81.07,53,100,5.77,overcast clouds
337,Isangel,VU,-19.55,169.2667,82.87,75,85,11.61,overcast clouds
338,Oleksandrivka,UA,48.9634,32.2349,45.18,80,23,4.34,few clouds
339,Komarno,SK,47.7636,18.1226,54.05,61,72,7.4,broken clouds
340,Matay,EG,28.419,30.7792,63.09,41,0,13.58,clear sky
341,Uige,AO,-7.6087,15.0613,68.45,98,100,0.85,moderate rain
342,Mendoza,AR,-32.8908,-68.8272,72.93,33,0,8.05,clear sky
343,Salekhard,RU,66.53,66.6019,24.67,79,74,18.03,broken clouds
344,Rancho Veloz,CU,22.8806,-80.3917,82.53,64,3,19.91,light rain
345,Dunedin,NZ,-45.8742,170.5036,57.99,64,0,2.93,clear sky
346,North Bend,US,43.4065,-124.2243,52.25,85,71,9.46,broken clouds
347,Clifton,US,40.8584,-74.1638,73.44,73,100,16.11,thunderstorm
348,Dibulla,CO,11.2725,-73.3091,82.2,77,63,5.21,broken clouds
349,Arona,ES,28.0996,-16.681,59.13,70,20,14.97,few clouds
350,Wembley,AU,-31.9333,115.8,63.03,82,0,16.11,clear sky
351,Payo,ID,-3.7508,103.6372,71.65,98,83,2.04,broken clouds
352,Okahandja,NA,-21.9833,16.9167,64.24,35,46,6.6,scattered clouds
353,Panuco,MX,22.05,-98.1667,80.78,54,89,16.22,overcast clouds
354,Salinopolis,BR,-0.6136,-47.3561,78.51,88,92,8.39,light rain
355,Bertoua,CM,4.5833,13.6833,68.22,97,92,2.17,overcast clouds
356,High Rock,BS,26.6208,-78.2833,80.62,75,51,12.91,broken clouds
357,Manuk Mangkaw,PH,4.8,119.85,80.42,80,36,6.11,scattered clouds
358,Borzoy,RU,42.8415,45.6275,36.3,66,92,5.61,overcast clouds
359,Saint-Joseph,RE,-21.3667,55.6167,77.38,86,46,15.1,light rain
360,Te Anau,NZ,-45.4167,167.7167,52.92,72,8,0.81,clear sky
361,Astoria,US,46.1879,-123.8313,49.86,65,75,13.8,broken clouds
362,Bengkulu,ID,-3.8004,102.2655,76.28,88,99,2.55,overcast clouds
363,Hammerfest,NO,70.6634,23.6821,30.65,80,100,2.3,snow
364,Vidim,RU,56.4088,103.1106,30.18,86,100,7.14,overcast clouds
365,Rudbar,AF,30.15,62.6,78.96,11,14,2.06,few clouds
366,Sept-Iles,CA,50.2001,-66.3821,46.83,42,75,9.22,broken clouds
367,Ludza,LV,56.55,27.7167,45.73,90,100,3.33,light rain
368,Port Blair,IN,11.6667,92.75,80.8,71,98,3.06,overcast clouds
369,Sars,RU,56.5502,57.1366,51.3,81,100,12.93,overcast clouds
370,Orotukan,RU,62.2667,151.7,11.26,93,100,4.61,light snow
371,Envira,BR,-7.3,-70.2167,74.53,98,100,3.09,overcast clouds
372,Coihaique,CL,-45.5752,-72.0662,65.01,51,0,5.75,clear sky
373,Thatta,PK,24.7475,67.9235,79.56,70,4,15.84,clear sky
374,Thunder Bay,CA,48.4001,-89.3168,33.3,80,100,10.36,light shower snow
375,Sumkino,RU,58.1108,68.3244,42.39,100,82,4.72,broken clouds
376,Leticia,CO,-4.2153,-69.9406,82.45,78,75,4.61,broken clouds
377,Ushtobe,KZ,45.2514,77.9838,56.66,38,8,7.36,clear sky
378,Safaga,EG,26.7292,33.9365,73.18,35,0,12.71,clear sky
379,Faanui,PF,-16.4833,-151.75,82.44,71,24,19.17,few clouds
380,Alekseyevka,RU,50.6309,38.6903,45.14,83,100,9.69,overcast clouds
381,Shache,CN,38.4167,77.2406,66.7,22,3,10.76,clear sky
382,Valparaiso,CL,-33.0393,-71.6273,58.48,79,75,9.22,broken clouds
383,Manokwari,ID,-0.8667,134.0833,77.77,81,95,3.18,overcast clouds
384,Asau,RO,46.4333,26.4,46.96,68,3,3.51,light rain
385,Flinders,AU,-34.5833,150.8552,66.38,87,48,5.01,scattered clouds
386,Vodnyy,RU,63.5046,53.4095,24.37,93,66,3.62,broken clouds
387,Port Macquarie,AU,-31.4333,152.9167,64.89,74,36,3.94,scattered clouds
388,Uspenka,UA,48.3903,39.1619,46.72,94,100,9.33,overcast clouds
389,Toktogul,KG,41.8708,72.9402,57.83,60,5,3.65,clear sky
390,Udachnyy,RU,66.4167,112.4,12.45,92,99,15.12,overcast clouds
391,Chapais,CA,49.7834,-74.8492,37.18,93,100,14.61,overcast clouds
392,La Gomera,GT,14.0833,-91.05,89.31,49,40,11.1,scattered clouds
393,Mahbubnagar,IN,16.7333,77.9833,83.05,42,90,5.55,overcast clouds
394,Itarema,BR,-2.9248,-39.9167,78.46,85,80,7.34,broken clouds
395,Ahuimanu,US,21.4447,-157.8378,82.11,61,40,21.85,scattered clouds
396,Menongue,AO,-14.6585,17.691,61.39,94,54,3.15,broken clouds
397,Namibe,AO,-15.1961,12.1522,75.65,78,78,6.73,broken clouds
398,Claveria,PH,18.6074,121.0832,76.14,82,42,2.01,scattered clouds
399,Eureka,US,40.8021,-124.1637,56.12,65,59,8.01,broken clouds
400,Riyadh,SA,24.6877,46.7219,78.94,27,100,16.98,overcast clouds
401,Tevaitoa,PF,-16.7833,-151.5,82.29,71,39,18.79,light rain
402,Kamenka,RU,51.3223,42.7678,44.08,88,100,13.87,overcast clouds
403,Pevek,RU,69.7008,170.3133,12.63,83,67,2.48,broken clouds
404,Ullapool,GB,57.8987,-5.1604,52.36,87,100,3.89,overcast clouds
405,Gouyave,GD,12.1646,-61.7296,81.37,74,20,18.41,few clouds
406,Jiuquan,CN,39.7432,98.5174,42.31,17,33,2.64,scattered clouds
407,Rock Sound,BS,24.9,-76.2,76.08,83,7,16.53,clear sky
408,Surab,PK,28.4914,66.2585,63.41,9,0,8.14,clear sky
409,Hun,LY,29.1268,15.9477,87.96,11,91,20.07,overcast clouds
410,Qasigiannguit,GL,68.8193,-51.1922,12.45,91,79,4.81,broken clouds
411,Atar,MR,20.5169,-13.0499,78.03,21,0,8.21,clear sky
412,Broome,US,42.2506,-75.833,54.55,71,100,9.22,overcast clouds
413,Altay,CN,47.8667,88.1167,27.59,37,0,10.89,clear sky
414,Chipping Sodbury,GB,51.5381,-2.3938,53.74,85,100,3.76,overcast clouds
415,Zambezi,ZM,-13.5432,23.1047,68.25,81,99,3.62,overcast clouds
416,Faya,SA,18.3851,42.4509,62.71,35,50,1.5,scattered clouds
417,Pirassununga,BR,-21.9961,-47.4258,73.06,78,75,4.61,broken clouds
418,Panaba,MX,21.2833,-88.2667,97.75,28,15,14.25,few clouds
419,Kirakira,SB,-10.4544,161.9205,83.07,77,71,6.78,broken clouds
420,Ambositra,MG,-20.5167,47.25,60.22,94,93,3.29,overcast clouds
421,La Tuque,CA,47.4334,-72.7824,43.05,93,100,5.75,overcast clouds
422,Osmena,PH,10.5208,119.9258,78.96,83,81,5.46,broken clouds
423,Taoudenni,ML,22.6783,-3.9836,82.98,14,0,11.99,clear sky
424,Lithgow,AU,-33.4833,150.15,51.48,86,17,1.28,few clouds
425,Koslan,RU,63.4564,48.8989,24.21,96,53,2.98,broken clouds
426,Nabire,ID,-3.3667,135.4833,77.09,89,86,2.91,overcast clouds
427,San Rafael,AR,-34.6177,-68.3301,70.57,32,0,13.98,clear sky
428,Honiara,SB,-9.4333,159.95,83.61,70,45,3.74,scattered clouds
429,Labytnangi,RU,66.6572,66.4183,22.01,83,62,13.47,broken clouds
430,Puerto Quijarro,BO,-17.7833,-57.7667,80.49,59,97,3.58,overcast clouds
431,Luderitz,NA,-26.6481,15.1594,60.37,80,20,21.07,few clouds
432,Boyle,US,37.6334,-84.8666,62.82,27,0,8.05,clear sky
433,Cabo San Lucas,MX,22.8909,-109.9124,84.61,50,75,8.05,broken clouds
434,Hanover,DE,52.3705,9.7332,52.38,89,75,9.22,broken clouds
435,Ust-Kulom,RU,61.6864,53.6902,27.61,89,99,1.95,overcast clouds
436,Moose Factory,CA,51.2585,-80.6094,41.0,87,100,11.5,overcast clouds
437,Necochea,AR,-38.5473,-58.7368,54.75,66,0,7.9,clear sky
438,Batemans Bay,AU,-35.7167,150.1833,63.1,78,29,3.91,scattered clouds
439,Acajutla,SV,13.5928,-89.8275,86.95,59,28,8.63,scattered clouds
440,Koppal,IN,15.35,76.15,80.31,58,91,9.46,overcast clouds
441,Vestmannaeyjar,IS,63.4427,-20.2734,47.5,97,100,27.31,moderate rain
442,Kiri Buru,IN,22.0833,85.35,81.28,35,30,4.45,scattered clouds
443,Safford,US,32.834,-109.7076,79.72,5,0,4.61,clear sky
444,Swakopmund,NA,-22.6833,14.5333,57.97,88,0,1.01,clear sky
445,Atbasar,KZ,51.8,68.3333,50.49,48,17,7.61,few clouds
446,Anloga,GH,5.7947,0.8973,82.06,78,96,12.41,overcast clouds
447,Tucupita,VE,9.0622,-62.051,84.54,55,98,10.0,overcast clouds
448,Caucaia,BR,-3.7361,-38.6531,82.35,74,20,5.75,few clouds
449,Torbay,CA,47.6666,-52.7314,34.29,79,20,13.8,few clouds
450,Mbuji-Mayi,CD,-6.15,23.6,70.12,94,100,2.19,light rain
451,Peleduy,RU,59.6289,112.7406,28.99,86,92,12.62,overcast clouds
452,Goya,AR,-29.14,-59.2626,58.03,66,0,4.45,clear sky
453,Santa Maria,BR,-29.6842,-53.8069,56.5,72,0,3.44,clear sky
454,Lumeje,AO,-11.55,20.7833,65.79,92,99,2.93,light rain
455,Viseu,PT,40.661,-7.9097,51.85,90,0,0.69,clear sky
456,Tingi,TZ,-11.3,35.0333,61.95,95,93,3.58,overcast clouds
457,Igarka,RU,67.4667,86.5833,31.73,98,100,16.26,overcast clouds
458,Lengshuijiang,CN,27.6881,111.4294,51.57,95,100,5.61,overcast clouds
459,Ayan,RU,56.45,138.1667,24.17,75,4,4.43,clear sky
460,Jijiga,ET,9.35,42.8,70.7,58,90,3.15,overcast clouds
461,Gafanha Da Encarnacao,PT,40.6181,-8.733,56.01,86,1,11.7,clear sky
462,Sultanpur,IN,26.2667,82.0667,83.28,14,2,6.04,clear sky
463,Olavarria,AR,-36.8927,-60.3225,55.67,56,0,4.45,clear sky
464,Bay City,US,43.5945,-83.8889,48.65,38,75,31.07,broken clouds
465,Birjand,IR,32.8663,59.2211,63.07,14,0,4.61,clear sky
466,Flin Flon,CA,54.7682,-101.865,19.24,35,100,18.41,overcast clouds
467,Vao,NC,-22.6667,167.4833,76.89,82,58,13.2,broken clouds
468,Gualaquiza,EC,-3.4,-78.55,70.95,95,93,1.81,light rain
469,Brainerd,US,46.358,-94.2008,30.22,69,100,14.97,overcast clouds
470,Sekoma,BW,-24.4,23.8833,68.16,34,0,8.19,clear sky
471,Cartagena,CO,10.3997,-75.5144,87.42,66,20,11.5,few clouds
472,Hervey Bay,AU,-25.2986,152.8535,68.02,83,73,10.0,broken clouds
473,Gien,FR,47.6933,2.6309,54.45,76,84,4.83,broken clouds
474,Sishui,CN,35.6489,117.2758,48.58,39,95,9.35,overcast clouds
475,Beloha,MG,-25.1667,45.05,75.0,79,80,5.82,broken clouds
476,Portland,US,45.5234,-122.6762,51.62,69,75,14.97,broken clouds
477,Bergerac,FR,44.8333,0.5,58.77,87,0,0.0,clear sky
478,Eregli,TR,37.5133,34.0467,43.92,48,0,2.01,clear sky
479,Talcahuano,CL,-36.7167,-73.1167,53.28,87,100,12.66,overcast clouds
480,Saskylakh,RU,71.9167,114.0833,-11.7,99,100,5.17,overcast clouds
481,Shihezi,CN,44.3,86.0333,44.42,22,0,5.48,clear sky
482,Cap Malheureux,MU,-19.9842,57.6142,78.48,73,14,8.01,few clouds
483,Kemijarvi,FI,66.7131,27.4306,28.83,94,21,5.35,few clouds
484,Hudiksvall,SE,61.729,17.1036,33.37,93,19,5.46,few clouds
485,Krabi,TH,8.0726,98.9105,84.06,76,20,2.3,few clouds
486,Coahuayana,MX,18.7333,-103.6833,87.22,42,100,7.11,overcast clouds
487,Ust-Uda,RU,54.1742,103.0304,27.93,90,97,3.18,overcast clouds
488,Iracoubo,GF,5.4802,-53.2011,77.36,87,73,14.79,light rain
489,Derzhavinsk,KZ,51.1,66.3167,53.65,55,0,9.8,clear sky
490,Saquena,PE,-4.6667,-73.5167,77.38,96,89,2.64,overcast clouds
491,Vardo,NO,70.3705,31.1107,32.07,87,47,10.36,scattered clouds
492,Zwedru,LR,6.0667,-8.1281,74.73,96,99,3.42,light rain
493,Sioux Lookout,CA,50.1001,-91.917,28.47,69,100,6.91,overcast clouds
494,Narrabri,AU,-30.3167,149.7833,61.52,77,0,3.0,clear sky
495,Tatawin,TN,32.9297,10.4518,64.98,63,100,7.63,overcast clouds
496,College,US,64.8569,-147.8028,46.35,44,0,6.91,clear sky
497,Manavgat,TR,36.7867,31.4431,55.29,58,12,3.62,few clouds
498,Rawson,AR,-43.3002,-65.1023,73.35,23,7,18.45,clear sky
499,Severomuysk,RU,56.1481,113.4267,16.72,96,100,6.62,snow
500,Kovdor,RU,67.5662,30.4758,25.79,98,73,1.88,broken clouds
501,Henties Bay,NA,-22.116,14.2845,60.94,83,0,6.73,clear sky
502,Aswan,EG,24.0934,32.907,75.18,12,0,13.29,clear sky
503,Mandalgovi,MN,45.7625,106.2708,28.24,40,100,8.41,overcast clouds
504,Shingu,JP,33.7333,135.9833,62.24,97,100,8.48,overcast clouds
505,Stornoway,GB,58.2093,-6.3865,49.96,87,75,10.36,light intensity drizzle
506,Gombe,NG,10.2897,11.1673,86.09,49,94,14.45,overcast clouds
507,Edd,ER,13.9297,41.6925,89.44,35,60,17.45,broken clouds
508,Mweka,CD,-4.85,21.5667,69.85,98,100,1.45,light rain
509,Nelson Bay,AU,-32.7167,152.15,64.0,95,56,3.04,light rain
510,Ugoofaaru,MV,5.6667,73.0,84.04,75,100,9.28,overcast clouds
511,Jos,NG,9.9167,8.9,69.1,63,95,7.18,light rain
512,Pundaguitan,PH,6.3711,126.1689,80.76,78,54,6.02,broken clouds
513,Benghazi,LY,32.1167,20.0667,66.7,49,100,23.78,overcast clouds
514,Gander,CA,48.9682,-54.5906,32.16,69,20,18.41,few clouds
515,Appleton,US,44.2619,-88.4154,39.94,49,75,34.52,broken clouds
516,Port Dover,CA,42.7834,-80.1997,55.2,51,2,19.44,clear sky
517,Takoradi,GH,4.8845,-1.7554,81.21,83,91,11.52,light rain
518,Maldonado,UY,-34.6667,-54.9167,58.39,76,0,6.6,clear sky
519,Aasiaat,GL,68.7098,-52.8699,2.19,96,90,4.79,overcast clouds
520,Elliot,ZA,-31.3333,27.85,54.45,66,83,5.95,broken clouds
521,Nome,US,64.5011,-165.4064,38.1,75,100,12.66,overcast clouds
522,Cumberland,US,35.0502,-78.8664,82.9,48,40,18.41,scattered clouds
523,Wladyslawowo,PL,54.7909,18.4009,52.02,95,100,9.86,overcast clouds
524,Vung Tau,VN,10.346,107.0843,81.18,80,60,7.9,light rain
525,Cayenne,GF,4.9333,-52.3333,82.09,1,75,12.66,broken clouds
526,Norfolk,US,42.1668,-71.2495,58.98,83,100,8.05,overcast clouds
527,Kysyl-Syr,RU,63.8986,122.7617,20.39,97,100,3.31,overcast clouds
528,Macusani,PE,-14.0833,-70.4333,44.35,71,49,3.33,scattered clouds
529,Santa Cruz,BO,-17.8,-63.1667,73.45,64,75,10.36,broken clouds
530,Lakatoro,VU,-16.0999,167.4164,83.95,72,17,9.46,few clouds
531,Taitung,TW,22.7583,121.1444,70.07,100,75,2.3,light intensity drizzle
532,Conceicao Do Araguaia,BR,-8.2578,-49.2647,75.69,93,34,3.74,scattered clouds
533,Karpathos,GR,35.507,27.2132,57.16,62,100,3.44,overcast clouds
534,Roald,NO,62.5833,6.1333,43.32,81,0,6.91,clear sky
535,Inhambane,MZ,-23.865,35.3833,77.86,86,99,9.22,overcast clouds
536,Kenora,CA,49.8167,-94.4337,23.97,93,100,6.91,overcast clouds
537,Snyder,US,32.7179,-100.9176,83.08,14,0,14.97,clear sky
538,Vila Velha,BR,-20.3297,-40.2925,78.75,90,40,6.91,scattered clouds
539,Mvomero,TZ,-6.25,38.6667,72.01,98,99,4.36,overcast clouds
540,Sobolevo,RU,54.4299,31.8996,41.36,70,91,5.77,overcast clouds
541,Lampang,TH,18.3333,99.5,83.86,62,3,2.17,clear sky
542,Ocala,US,29.1872,-82.1401,83.98,67,40,5.75,scattered clouds
543,Agua Verde,MX,22.9,-106.05,82.49,56,96,11.7,overcast clouds
544,Svencionys,LT,55.15,26.1667,47.57,73,100,5.1,overcast clouds
545,Lucapa,AO,-8.4192,20.7447,67.24,93,100,1.95,light rain
546,Humberto De Campos,BR,-2.5983,-43.4611,76.95,91,100,4.63,overcast clouds
547,Bethlehem,BR,-1.4558,-48.5044,77.04,94,40,4.61,light rain
548,Kameoka,JP,35.0,135.5833,59.68,92,100,6.49,overcast clouds
549,Mackay,AU,-21.15,149.2,76.68,67,47,16.2,scattered clouds
550,Sri Aman,MY,1.2376,111.4621,77.05,94,100,0.0,overcast clouds
551,Mantua,IT,45.1667,10.7833,58.24,70,17,3.0,few clouds
552,Road Town,VG,18.4167,-64.6167,78.89,73,40,13.8,scattered clouds
553,Xining,CN,36.6167,101.7667,37.04,85,100,1.9,overcast clouds
554,Akdepe,TM,42.0551,59.3788,64.49,40,100,7.99,overcast clouds
555,Cerasu,RO,45.3167,26.0333,46.47,71,3,2.8,clear sky
556,Ionia,US,42.9873,-85.0711,46.6,38,100,27.63,overcast clouds
557,Tamandare,BR,-8.7597,-35.1047,79.9,76,8,10.71,clear sky
558,Manali,IN,13.1667,80.2667,84.29,83,100,8.52,overcast clouds
559,Paamiut,GL,61.994,-49.6678,23.07,81,93,29.39,overcast clouds
560,Port Hawkesbury,CA,45.6169,-61.3485,46.35,76,0,8.05,clear sky
561,Dudinka,RU,69.4058,86.1778,27.25,86,100,15.23,overcast clouds
562,Baft,IR,29.234,56.6057,60.67,32,74,10.8,broken clouds
563,Biak,ID,-0.9131,122.8766,76.71,83,99,2.44,overcast clouds
564,Bay Roberts,CA,47.5999,-53.2648,35.06,69,62,5.99,broken clouds
565,Aja,EG,30.9415,31.2915,52.16,75,0,6.76,clear sky
566,Pangody,RU,65.85,74.4859,33.91,99,100,12.03,overcast clouds
567,Tucuma,BR,-0.1833,-50.05,77.25,90,100,5.44,overcast clouds
568,Mazagao,BR,-0.115,-51.2894,84.25,92,99,4.7,overcast clouds
569,Marsh Harbour,BS,26.5412,-77.0636,76.98,75,37,13.09,scattered clouds
570,Viedma,AR,-40.8135,-62.9967,63.41,41,0,9.84,clear sky
571,Bara,NG,10.3744,10.7288,87.62,48,94,13.51,overcast clouds
572,Araouane,ML,18.9048,-3.5265,83.62,9,1,8.9,clear sky
573,Frontera,MX,26.9333,-101.45,83.95,45,75,9.22,broken clouds
574,Bongandanga,CD,1.5,21.05,68.43,98,99,0.98,overcast clouds
575,Southbridge,US,42.0751,-72.0334,70.86,76,100,7.2,moderate rain
576,Aklavik,CA,68.2191,-135.0107,6.8,61,75,8.05,broken clouds
577,Hofn,IS,64.2539,-15.2082,46.0,99,100,14.09,moderate rain
578,Murgab,TM,37.4966,61.9714,66.07,52,29,9.22,scattered clouds
579,Pionerskiy,RU,54.9508,20.2275,46.24,89,100,8.99,overcast clouds
580,Enid,US,36.3956,-97.8784,73.02,20,0,21.85,clear sky
581,Wanning,CN,18.8003,110.3967,76.35,92,39,6.02,scattered clouds
582,Pisco,PE,-13.7,-76.2167,68.05,77,0,21.85,clear sky
583,Santa Fe,AR,-31.6333,-60.7,66.97,57,0,3.85,light rain
584,Luba,GQ,3.4568,8.5547,79.83,82,67,2.01,broken clouds
585,Usinsk,RU,65.9939,57.5281,25.9,85,99,20.2,overcast clouds
586,Nador,MA,35.174,-2.9287,62.85,55,0,3.44,clear sky
587,Kamphaeng Phet,TH,16.25,99.5,80.22,59,4,2.06,clear sky
588,Cabinda,AO,-5.55,12.2,78.12,90,100,3.29,light rain
589,Nouadhibou,MR,20.931,-17.0347,64.38,77,0,16.11,sand
590,Hobyo,SO,5.3505,48.5268,81.99,75,64,12.77,broken clouds
591,Mareeba,AU,-17.0,145.4333,70.52,92,100,4.25,overcast clouds
592,Aliwal North,ZA,-30.6937,26.7114,58.41,57,75,4.38,broken clouds
593,Belfast,GB,54.5833,-5.9333,49.82,87,100,8.05,overcast clouds
594,Jiwani,PK,25.05,61.7417,79.77,79,1,4.65,clear sky
595,Ijui,BR,-28.3878,-53.9147,62.62,72,0,7.43,clear sky
596,Lodwar,KE,3.1191,35.5973,86.18,48,99,17.47,overcast clouds
597,Blankenberge,BE,51.3131,3.1323,51.39,75,94,3.8,overcast clouds
598,Bandar,ID,2.05,99.75,73.45,96,97,1.86,overcast clouds
599,Morondava,MG,-20.2833,44.2833,77.85,75,93,4.88,overcast clouds
600,Leningradskiy,RU,69.3833,178.4167,10.42,92,98,11.92,overcast clouds
601,Gari,RU,59.4307,62.3497,41.95,96,70,1.59,broken clouds
602,Najran,SA,17.4924,44.1277,72.25,45,12,6.22,few clouds
603,Maputo,MZ,-25.9653,32.5892,73.08,88,20,3.44,few clouds
604,Bayburt,TR,40.2589,40.2278,31.6,72,40,1.54,scattered clouds
605,Catamarca,AR,-28.4696,-65.7852,69.78,37,20,8.01,few clouds
606,Voznesenye,RU,61.0106,35.4781,34.02,100,100,1.86,snow
607,Alta Floresta,BR,-9.8756,-56.0861,75.16,91,93,2.42,overcast clouds
608,Bontang,ID,0.1333,117.5,76.5,91,100,4.5,overcast clouds
609,Goshogawara,JP,40.8044,140.4414,43.21,90,100,8.84,overcast clouds
610,Inta,RU,66.0317,60.1659,26.13,85,100,22.55,overcast clouds
611,Moree,AU,-29.4667,149.85,62.62,67,0,1.14,clear sky
612,Mao,ES,39.8885,4.2658,57.76,82,0,12.66,clear sky
613,Slupca,PL,52.2873,17.8719,52.2,81,100,7.43,overcast clouds
614,Corner Brook,CA,48.9667,-57.9484,42.96,91,22,2.93,few clouds
615,Bonavista,CA,48.6499,-53.1147,30.69,83,27,18.84,scattered clouds
616,Mount Gambier,AU,-37.8333,140.7667,55.31,76,100,6.91,overcast clouds
617,Rabak,SD,13.1809,32.74,92.08,18,46,9.1,scattered clouds
618,Colares,PT,38.7992,-9.4469,58.28,78,0,23.0,clear sky
619,Ekhabi,RU,53.5102,142.9671,25.99,76,46,6.8,scattered clouds
620,Lexington,US,37.9887,-84.4777,62.6,33,0,12.66,clear sky
621,Mercedes,AR,-34.6515,-59.4307,62.78,47,0,6.08,clear sky
622,Huilong,CN,31.8111,121.655,52.93,83,100,16.44,overcast clouds
623,Kachug,RU,53.9606,105.8817,30.56,75,100,3.76,overcast clouds
624,Santiago Del Estero,AR,-27.7951,-64.2615,66.65,45,0,5.59,clear sky
625,Havoysund,NO,70.9963,24.6622,32.23,67,66,10.02,broken clouds
626,Jumla,NP,29.2747,82.1838,44.26,70,8,4.32,clear sky
627,Norden,DE,53.6,7.2,46.15,77,76,13.24,broken clouds
628,Luau,AO,-10.7073,22.2247,65.77,94,98,3.85,overcast clouds
629,Netivot,IL,31.4222,34.5886,55.74,65,0,6.67,clear sky
630,Tadine,NC,-21.55,167.8833,79.99,83,100,13.09,overcast clouds
631,Ca Mau,VN,9.1769,105.15,77.9,91,62,3.8,broken clouds
632,Awbari,LY,26.5921,12.7805,87.64,11,100,17.6,overcast clouds
633,Elko,US,41.0002,-115.5012,48.06,61,100,15.99,overcast clouds
634,Carbondale,US,37.7273,-89.2168,65.05,30,0,16.11,clear sky
635,Inirida,CO,3.8653,-67.9239,78.78,90,100,3.78,moderate rain
636,Zarate,AR,-34.0981,-59.0286,61.84,54,0,4.0,clear sky
637,Fereydun Kenar,IR,36.6864,52.5225,53.58,77,100,4.18,overcast clouds
638,Leh,IN,34.1667,77.5833,33.8,52,81,4.05,broken clouds
639,Owando,CG,-0.4819,15.8999,69.91,98,92,2.68,overcast clouds
640,Yarada,IN,17.65,83.2667,81.18,86,52,11.23,broken clouds
641,Oro Valley,US,32.3909,-110.9665,83.77,5,12,5.01,few clouds
642,Chissamba,AO,-12.1667,17.3333,61.68,92,97,2.33,light rain
643,Florence,IT,43.7667,11.25,60.76,69,0,4.61,clear sky
644,Muisne,EC,0.6,-80.0333,77.63,83,87,8.01,overcast clouds
645,Blind River,CA,46.1834,-82.9582,42.91,55,47,12.44,scattered clouds
646,Sisimiut,GL,66.9395,-53.6735,12.27,79,72,13.94,broken clouds
647,Blackwater,AU,-23.5833,148.8833,69.06,55,0,9.91,clear sky
648,Camana,PE,-16.6228,-72.7111,68.41,78,56,8.19,broken clouds
649,Lakes Entrance,AU,-37.8811,147.981,58.89,69,77,5.86,broken clouds
650,Petropavlovsk-Kamchatskiy,RU,53.0452,158.6483,32.59,40,75,22.37,broken clouds
651,Merauke,ID,-8.4667,140.3333,78.91,84,99,4.74,overcast clouds
652,Ketchikan,US,55.3422,-131.6461,44.58,34,0,5.86,clear sky
653,Turukhansk,RU,65.8167,87.9833,33.98,92,100,13.58,overcast clouds
654,Caernarfon,GB,53.1413,-4.2702,53.4,72,75,8.01,broken clouds
655,Matagami,CA,49.7502,-77.6328,44.71,93,100,6.91,overcast clouds
656,Ngorongoro,TZ,-3.2397,35.4875,51.42,97,95,4.76,overcast clouds
657,Juneau,US,58.3019,-134.4197,46.4,23,20,14.97,few clouds
658,Obihiro,JP,42.9172,143.2044,34.32,85,100,1.07,overcast clouds
659,Khandbari,NP,27.3747,87.2039,68.0,44,7,6.02,clear sky
660,Atambua,ID,-9.1061,124.8925,74.08,88,94,1.63,overcast clouds
661,Auki,SB,-8.7676,160.7034,82.87,71,83,4.54,broken clouds
662,Ozark,US,37.0209,-93.206,65.28,36,5,3.0,clear sky
663,Kavaratti,IN,10.5669,72.642,82.11,75,30,5.53,scattered clouds
664,Uva,RU,56.9908,52.1852,43.72,98,100,12.06,moderate rain
665,Saint-Georges,GD,12.0564,-61.7485,82.08,74,20,18.41,few clouds
666,Lidkoping,SE,58.5052,13.1577,41.02,92,100,13.06,light rain
667,Qui Nhon,VN,13.7667,109.2333,75.76,91,50,2.42,scattered clouds
668,Awjilah,LY,29.1081,21.2869,73.38,18,70,21.03,broken clouds
669,Longkou,CN,37.6508,120.3286,46.74,67,46,17.49,scattered clouds
670,Tondano,ID,1.3038,124.9112,69.89,92,80,0.65,broken clouds
671,Salme,NP,28.0369,85.0942,57.49,40,12,8.88,few clouds
672,Sebeta,ET,8.9167,38.6167,61.0,66,78,2.98,broken clouds
673,Pochutla,MX,15.7432,-96.4661,90.82,49,10,8.61,clear sky
674,Churapcha,RU,62.0025,132.4325,24.4,87,100,10.4,overcast clouds
675,Puerto Escondido,MX,15.85,-97.0667,86.83,70,0,9.22,clear sky
676,Quelimane,MZ,-17.8786,36.8883,80.55,89,20,8.05,few clouds
677,Porto Belo,BR,-27.1578,-48.5531,69.75,70,9,16.26,clear sky
678,Dhidhdhoo,MV,6.8833,73.1,83.88,74,77,8.01,broken clouds
679,Mabaruma,GY,8.2,-59.7833,77.22,80,56,6.31,broken clouds
680,Sampit,ID,-2.5333,112.95,73.81,96,100,0.65,overcast clouds
681,Jiaozuo,CN,35.2397,113.2331,53.69,44,100,2.3,light rain
682,Lee,US,26.567,-81.8831,84.24,72,20,14.97,few clouds
683,Puerto Del Rosario,ES,28.5004,-13.8627,64.15,77,75,19.57,broken clouds
684,Yatou,CN,37.15,122.3833,44.64,72,20,9.86,few clouds
685,Pringsewu,ID,-5.3582,104.9744,72.48,97,77,1.32,broken clouds
686,Ostrovnoy,RU,68.0531,39.5131,14.23,95,93,6.4,overcast clouds
687,Brae,GB,60.3964,-1.353,42.96,79,100,9.62,overcast clouds
688,Komsomolskiy,UZ,40.4272,71.7189,59.72,55,0,6.91,clear sky
689,Bokoro,TD,12.3807,17.0568,90.86,35,40,12.62,scattered clouds
690,Gobabis,NA,-22.45,18.9667,70.57,28,82,7.25,broken clouds
691,Kalanchak,UA,46.2562,33.2907,46.99,85,5,4.41,clear sky
692,Mangan,IN,27.5167,88.5333,63.88,70,16,7.85,few clouds
693,Gagra,GE,43.3283,40.2239,43.72,87,100,11.9,overcast clouds
694,Orocue,CO,4.7912,-71.3354,92.68,40,98,5.39,overcast clouds
695,Lishan,CN,31.8576,113.2951,53.73,54,100,10.65,light rain
